,mapName,agentNum,success,total_cost_true,runtime
0,den312d,4,1.0,80.1,3.8533511638641356
1,den312d,8,1.0,96.3,7.997551167011261
